<?xml version="1.0" encoding="utf-8"?>
<!-- Copyright (C) 2009 The Android Open Source Project

     Licensed under the Apache License, Version 2.0 (the "License");
     you may not use this file except in compliance with the License.
     You may obtain a copy of the License at

          http://www.apache.org/licenses/LICENSE-2.0

     Unless required by applicable law or agreed to in writing, software
     distributed under the License is distributed on an "AS IS" BASIS,
     WITHOUT WARRANTIES OR CONDITIONS OF ANY KIND, either express or implied.
     See the License for the specific language governing permissions and
     limitations under the License.
-->

<resources>
    <!-- Add for OP09 app list feature. -->
    <dimen name="apps_customize_tab_icon_padding">8dp</dimen>
    <dimen name="apps_customize_delete_margin_left">8dp</dimen>

    <!-- External toolbar icon size (for bounds) -->
    <dimen name="toolbar_external_icon_width">36dp</dimen>
    <dimen name="toolbar_external_icon_height">36dp</dimen>
</resources>
